name,coordinate
TEXT,TEXT
國立政治大學,24.987554;121.576108
陳三鼎黑糖青蛙鮮奶,25.015692;121.532454